pipeline	subject	subject_label	predicate	object	object_label	asserted_by	status
disease	HP:0011112	Abnormal circulating cytokine concentration	xref	MP:0010210	abnormal circulating cytokine level	HP	from_other_source
disease	HP:0011113	Abnormality of cytokine secretion	xref	MP:0003009	abnormal cytokine secretion	HP	from_other_source
disease	HP:0011118	Abnormality of tumor necrosis factor secretion	xref	MP:0008556	abnormal tumor necrosis factor secretion	HP	from_other_source
disease	HP:0011123	Inflammatory abnormality of the skin	xref	MP:0004947	skin inflammation	HP	from_other_source
disease	HP:0011281	Abnormality of urine catecholamine level	xref	MP:0011478	abnormal urine catecholamine level	HP	from_other_source
disease	HP:0011849	Abnormal bone ossification	xref	MP:0008271	abnormal bone ossification	HP	from_other_source
disease	HP:0012337	Abnormal homeostasis	xref	MP:0001764	abnormal homeostasis	HP	from_other_source
disease	HP:0012632	Abnormal intraocular pressure	xref	MP:0005257	abnormal intraocular pressure	HP	from_other_source
disease	HP:0040270	Impaired glucose tolerance	xref	MP:0005291	abnormal glucose tolerance	HP	from_other_source
disease	MP:0000026	abnormal inner ear morphology	xref	GO:0042472		MP	added
disease	MP:0000081	premature cranial suture closure	xref	Fyler:4336		MP	added
disease	MP:0000111	cleft palate	xref	Fyler:4876		MP	added
disease	MP:0000137	abnormal vertebrae morphology	xref	Fyler:4108		MP	added
disease	MP:0000161	scoliosis	xref	Fyler:4160		MP	added
disease	MP:0000202	abnormal circulating alkaline phosphatase level	xref	GO:0004035		MP	added
disease	MP:0000230	abnormal systemic arterial blood pressure	xref	MGI:2173589		MP	added
disease	MP:0000266	abnormal heart morphology	xref	GO:0007505		MP	added
disease	MP:0000272	abnormal aorta morphology	xref	Fyler:1453		MP	added
disease	MP:0000272	abnormal aorta morphology	xref	MA:0000062		MP	added
disease	MP:0000273	overriding aortic valve	xref	Fyler:1432		MP	added
disease	MP:0000276	heart right ventricle hypertrophy	xref	Fyler:3609		MP	added
disease	MP:0000281	abnormal interventricular septum morphology	xref	Fyler:1815		MP	added
disease	MP:0000282	abnormal interatrial septum morphology	xref	Fyler:2002		MP	added
disease	MP:0000284	double outlet right ventricle	xref	Fyler:0600		MP	added
disease	MP:0000284	double outlet right ventricle	xref	Fyler:600		MP	added
disease	MP:0000286	abnormal mitral valve morphology	xref	Fyler:1508		MP	added
disease	MP:0000288	abnormal pericardium morphology	xref	Fyler:1900		MP	added
disease	MP:0000297	abnormal atrioventricular cushion morphology	xref	GO:0007505		MP	added
disease	MP:0000433	microcephaly	xref	Fyler:4310		MP	added
disease	MP:0000434	megacephaly	xref	Fyler:4335		MP	added
disease	MP:0000438	abnormal cranium morphology	xref	Fyler:4134		MP	added
disease	MP:0000438	abnormal cranium morphology	xref	MA:0000316		MP	added
disease	MP:0000452	abnormal mouth morphology	xref	Fyler:4874		MP	added
disease	MP:0000462	abnormal digestive system morphology	xref	MGI:2173601		MP	added
disease	MP:0000519	hydronephrosis	xref	Fyler:4502		MP	added
disease	MP:0000520	absent kidney	xref	Fyler:4503		MP	added
disease	MP:0000542	left-sided isomerism	xref	Fyler:0192		MP	added
disease	MP:0000542	left-sided isomerism	xref	Fyler:192		MP	added
disease	MP:0000561	adactyly	xref	Fyler:4173		MP	added
disease	MP:0000562	polydactyly	xref	Fyler:4103		MP	added
disease	MP:0000564	syndactyly	xref	Fyler:4174		MP	added
disease	MP:0000572	abnormal autopod morphology	xref	Fyler:4170		MP	added
disease	MP:0000576	clubfoot	xref	Fyler:4171		MP	added
disease	MP:0000598	abnormal liver morphology	xref	Fyler:4447		MP	added
disease	MP:0000644	dextrocardia	xref	Fyler:0110		MP	added
disease	MP:0000644	dextrocardia	xref	Fyler:110		MP	added
disease	MP:0000650	mesocardia	xref	Fyler:0140		MP	added
disease	MP:0000650	mesocardia	xref	Fyler:140		MP	added
disease	MP:0000690	absent spleen	xref	Fyler:4771		MP	added
disease	MP:0000714	increased thymocyte number	xref	CL:0000893		MP	added
disease	MP:0000715	decreased thymocyte number	xref	CL:0000893		MP	added
disease	MP:0000757	herniated abdominal wall	xref	Fyler:4414		MP	added
disease	MP:0000819	abnormal olfactory bulb morphology	xref	MA:0000194		MP	added
disease	MP:0000864	abnormal cerebellum vermis morphology	xref	MA:0000202		MP	added
disease	MP:0000906	abnormal trigeminal V mesencephalic nucleus morphology	xref	MA:0001057		MP	added
disease	MP:0000913	abnormal brain development	xref	GO:0007420		MP	added
disease	MP:0000920	abnormal myelination	xref	GO:0042552		MP	added
disease	MP:0001004	abnormal retina photoreceptor morphology	xref	CL:0000210		MP	added
disease	MP:0001005	abnormal retina rod cell morphology	xref	CL:0000604		MP	added
disease	MP:0001006	abnormal retina cone cell morphology	xref	CL:0000573		MP	added
disease	MP:0001035	abnormal submandibular ganglion morphology	xref	MA:0002470		MP	added
disease	MP:0001158	abnormal prostate gland morphology	xref	MA:0000404		MP	added
disease	MP:0001163	abnormal prostate gland anterior lobe morphology	xref	MA:0002422		MP	added
disease	MP:0001168	abnormal prostate gland epithelium morphology	xref	MA:0001737		MP	added
disease	MP:0001181	absent lungs	xref	Fyler:4206		MP	added
disease	MP:0001224	abnormal keratinocyte apoptosis	xref	GO:0006915		MP	added
disease	MP:0001224	abnormal keratinocyte apoptosis	xref	GO:0030216		MP	added
disease	MP:0001253	abnormal body height	xref	GO:0040007		MP	added
disease	MP:0001253	abnormal body height	xref	GO:0040014		MP	added
disease	MP:0001264	increased body size	xref	GO:0040007		MP	added
disease	MP:0001264	increased body size	xref	GO:0040014		MP	added
disease	MP:0001265	decreased body size	xref	GO:0040007		MP	added
disease	MP:0001265	decreased body size	xref	GO:0040014		MP	added
disease	MP:0001286	abnormal eye development	xref	GO:0001654		MP	added
disease	MP:0001293	anophthalmia	xref	Fyler:4864		MP	added
disease	MP:0001297	microphthalmia	xref	Fyler:4877		MP	added
disease	MP:0001304	cataract	xref	Fyler:4865		MP	added
disease	MP:0001544	abnormal cardiovascular system physiology	xref	MGI:2173590		MP	added
disease	MP:0001648	abnormal apoptosis	xref	GO:0006915		MP	added
disease	MP:0001663	abnormal digestive system physiology	xref	MGI:2173602		MP	added
disease	MP:0001672	abnormal embryo development	xref	GO:0007275		MP	added
disease	MP:0001675	abnormal ectoderm development	xref	GO:0001705		MP	added
disease	MP:0001680	abnormal mesoderm development	xref	GO:0001707		MP	added
disease	MP:0001683	absent mesoderm	xref	GO:0001707		MP	added
disease	MP:0001685	abnormal endoderm development	xref	GO:0001706		MP	added
disease	MP:0001693	failure of primitive streak formation	xref	GO:0007369		MP	added
disease	MP:0001695	abnormal gastrulation	xref	GO:0007669		MP	added
disease	MP:0001696	failure to gastrulate	xref	GO:0007669		MP	added
disease	MP:0001700	abnormal embryo turning	xref	GO:0007669		MP	added
disease	MP:0001701	incomplete embryo turning	xref	GO:0007669		MP	added
disease	MP:0001756	abnormal urination	xref	GO:0060073		MP	added
disease	MP:0001790	abnormal immune system physiology	xref	GO:0006955		MP	added
disease	MP:0001890	anencephaly	xref	Fyler:4332		MP	added
disease	MP:0001943	abnormal respiration	xref	Fyler:4200		MP	added
disease	MP:0001948	vesicoureteral reflux	xref	Fyler:4510		MP	added
disease	MP:0001963	abnormal hearing physiology	xref	GO:0007605		MP	added
disease	MP:0001963	abnormal hearing physiology	xref	MGI:2173555		MP	added
disease	MP:0001967	deafness	xref	Fyler:4868		MP	added
disease	MP:0001967	deafness	xref	GO:0007605		MP	added
disease	MP:0002001	blindness	xref	Fyler:4866		MP	added
disease	MP:0002060	abnormal skin morphology	xref	Fyler:4133		MP	added
disease	MP:0002061	abnormal aggression-related behavior	xref	MGI:2173566		MP	added
disease	MP:0002062	abnormal associative learning	xref	MGI:2173567		MP	added
disease	MP:0002063	abnormal learning/memory/conditioning	xref	MGI:2173568		MP	added
disease	MP:0002064	seizures	xref	MGI:2173569		MP	added
disease	MP:0002065	abnormal fear/anxiety-related behavior	xref	MGI:2173570		MP	added
disease	MP:0002066	abnormal motor capabilities/coordination/movement	xref	MGI:2173571		MP	added
disease	MP:0002067	abnormal sensory capabilities/reflexes/nociception	xref	MGI:2173572		MP	added
disease	MP:0002068	abnormal parental behavior	xref	MGI:2173573		MP	added
disease	MP:0002069	abnormal consumption behavior	xref	MGI:2173574		MP	added
disease	MP:0002073	abnormal hair growth	xref	MGI:2173539		MP	added
disease	MP:0002074	abnormal hair texture	xref	MGI:2173540		MP	added
disease	MP:0002075	abnormal coat/hair pigmentation	xref	MGI:2173541		MP	added
disease	MP:0002078	abnormal glucose homeostasis	xref	MGI:2173579		MP	added
disease	MP:0002080	prenatal lethality	xref	MGI:2173525		MP	added
disease	MP:0002081	perinatal lethality	xref	MGI:2173526		MP	added
disease	MP:0002082	postnatal lethality	xref	MGI:2173527		MP	added
disease	MP:0002083	premature death	xref	MGI:2173528		MP	added
disease	MP:0002084	abnormal developmental patterning	xref	MGI:2173529		MP	added
disease	MP:0002085	abnormal embryonic tissue morphology	xref	MGI:2173530		MP	added
disease	MP:0002086	abnormal extraembryonic tissue morphology	xref	MGI:2173531		MP	added
disease	MP:0002088	abnormal embryonic growth/weight/body size	xref	MGI:2173533		MP	added
disease	MP:0002089	abnormal postnatal growth/weight/body size	xref	GO:0040007		MP	added
disease	MP:0002089	abnormal postnatal growth/weight/body size	xref	GO:0040014		MP	added
disease	MP:0002089	abnormal postnatal growth/weight/body size	xref	MGI:2173534		MP	added
disease	MP:0002092	abnormal eye morphology	xref	Fyler:4863		MP	added
disease	MP:0002092	abnormal eye morphology	xref	GO:0001654		MP	added
disease	MP:0002092	abnormal eye morphology	xref	MGI:2173536		MP	added
disease	MP:0002095	abnormal skin pigmentation	xref	MGI:2173544		MP	added
disease	MP:0002098	abnormal vibrissa morphology	xref	MGI:2173547		MP	added
disease	MP:0002100	abnormal tooth morphology	xref	MGI:2173553		MP	added
disease	MP:0002102	abnormal ear morphology	xref	Fyler:4867		MP	added
disease	MP:0002102	abnormal ear morphology	xref	GO:0042471		MP	added
disease	MP:0002102	abnormal ear morphology	xref	MGI:2173556		MP	added
disease	MP:0002106	abnormal muscle physiology	xref	MGI:2173559		MP	added
disease	MP:0002108	abnormal muscle morphology	xref	MGI:2173558		MP	added
disease	MP:0002109	abnormal limb morphology	xref	MGI:2173549		MP	added
disease	MP:0002110	abnormal digit morphology	xref	MGI:2173550		MP	added
disease	MP:0002111	abnormal tail morphology	xref	MGI:2173551		MP	added
disease	MP:0002113	abnormal skeleton development	xref	MGI:2173561		MP	added
disease	MP:0002114	abnormal axial skeleton morphology	xref	MGI:2173562		MP	added
disease	MP:0002115	abnormal limb bone morphology	xref	MGI:2173563		MP	added
disease	MP:0002116	abnormal craniofacial bone morphology	xref	MGI:2173564		MP	added
disease	MP:0002118	abnormal lipid homeostasis	xref	MGI:2173578		MP	added
disease	MP:0002123	abnormal definitive hematopoiesis	xref	MGI:2173583		MP	added
disease	MP:0002127	abnormal cardiovascular system morphology	xref	MGI:2173587		MP	added
disease	MP:0002128	abnormal blood circulation	xref	MGI:2173588		MP	added
disease	MP:0002132	abnormal respiratory system morphology	xref	Fyler:4235		MP	added
disease	MP:0002132	abnormal respiratory system morphology	xref	MGI:2173592		MP	added
disease	MP:0002133	abnormal respiratory system physiology	xref	MGI:2173593		MP	added
disease	MP:0002135	abnormal kidney morphology	xref	Fyler:4512		MP	added
disease	MP:0002135	abnormal kidney morphology	xref	MGI:2173595		MP	added
disease	MP:0002136	abnormal kidney physiology	xref	MGI:2173596		MP	added
disease	MP:0002138	abnormal hepatobiliary system morphology	xref	MGI:2173598		MP	added
disease	MP:0002139	abnormal hepatobiliary system physiology	xref	MGI:2173599		MP	added
disease	MP:0002144	abnormal B cell differentiation	xref	MGI:2173604		MP	added
disease	MP:0002145	abnormal T cell differentiation	xref	MGI:2173605		MP	added
disease	MP:0002148	abnormal hypersensitivity reaction	xref	MGI:2173608		MP	added
disease	MP:0002151	abnormal neural tube morphology	xref	Fyler:4339		MP	added
disease	MP:0002151	abnormal neural tube morphology	xref	MGI:2173611		MP	added
disease	MP:0002152	abnormal brain morphology	xref	MGI:2173612		MP	added
disease	MP:0002160	abnormal reproductive system morphology	xref	MGI:2173620		MP	added
disease	MP:0002161	abnormal fertility/fecundity	xref	MGI:2173621		MP	added
disease	MP:0002163	abnormal gland morphology	xref	MGI:2173623		MP	added
disease	MP:0002164	abnormal gland physiology	xref	MGI:2173624		MP	added
disease	MP:0002166	abnormal tumor susceptibility	xref	MGI:2173626		MP	added
disease	MP:0002169	no abnormal phenotype detected	xref	MGI:2173629		MP	added
disease	MP:0002174	abnormal gastrulation movements	xref	GO:0007669		MP	added
disease	MP:0002196	absent corpus callosum	xref	Fyler:4321		MP	added
disease	MP:0002207	abnormal long-term potentiation	xref	MGI:2173614		MP	added
disease	MP:0002233	abnormal nose morphology	xref	Fyler:4870		MP	added
disease	MP:0002274	abnormal type I pneumocyte morphology	xref	CL:0002062		MP	added
disease	MP:0002274	abnormal type I pneumocyte morphology	xref	FMA:62500		MP	added
disease	MP:0002275	abnormal type II pneumocyte morphology	xref	CL:0002063		MP	added
disease	MP:0002275	abnormal type II pneumocyte morphology	xref	FMA:62501		MP	added
disease	MP:0002286	cryptorchism	xref	Fyler:4493		MP	added
disease	MP:0002349	abnormal afferent lymphatic vessel morphology	xref	MA:0000748		MP	added
disease	MP:0002350	abnormal efferent lymphatic vessel morphology	xref	MA:0000749		MP	added
disease	MP:0002436	abnormal CD8-positive, alpha-beta cytotoxic T cell morphology	xref	CL:0000794		MP	added
disease	MP:0002447	abnormal erythrocyte morphology	xref	MGI:2173584		MP	added
disease	MP:0002471	abnormal complement pathway	xref	GO:0006956		MP	added
disease	MP:0002551	abnormal blood coagulation	xref	MGI:2173585		MP	added
disease	MP:0002625	heart left ventricle hypertrophy	xref	Fyler:3608		MP	added
disease	MP:0002633	persistent truncus arteriosus	xref	Fyler:0500		MP	added
disease	MP:0002633	persistent truncus arteriosus	xref	Fyler:500		MP	added
disease	MP:0002639	micrognathia	xref	Fyler:4163		MP	added
disease	MP:0002726	abnormal pulmonary vein morphology	xref	Fyler:3000		MP	added
disease	MP:0002747	abnormal aortic valve morphology	xref	Fyler:1400		MP	added
disease	MP:0002747	abnormal aortic valve morphology	xref	Fyler:1408		MP	added
disease	MP:0002748	abnormal pulmonary valve morphology	xref	Fyler:1600		MP	added
disease	MP:0002748	abnormal pulmonary valve morphology	xref	Fyler:1602		MP	added
disease	MP:0002753	dilated heart left ventricle	xref	Fyler:1817		MP	added
disease	MP:0002754	dilated heart right ventricle	xref	Fyler:1827		MP	added
disease	MP:0002762	ectopic cerebellar granule cells	xref	CL:0001031		MP	added
disease	MP:0002766	situs inversus	xref	MPATH:720		MP	added
disease	MP:0002767	situs ambiguus	xref	MPATH:711		MP	added
disease	MP:0002795	dilated cardiomyopathy	xref	Fyler:1843		MP	added
disease	MP:0002998	abnormal bone remodeling	xref	GO:0046849		MP	added
disease	MP:0003052	omphalocele	xref	Fyler:4404		MP	added
disease	MP:0003054	spina bifida	xref	Fyler:4157		MP	added
disease	MP:0003124	hypospadia	xref	Fyler:4504		MP	added
disease	MP:0003130	anal atresia	xref	Fyler:4402		MP	added
disease	MP:0003130	anal atresia	xref	Fyler:4443		MP	added
disease	MP:0003139	patent ductus arteriosus	xref	Fyler:2100		MP	added
disease	MP:0003272	duodenal atresia	xref	Fyler:4406		MP	added
disease	MP:0003276	esophageal atresia	xref	Fyler:4412		MP	added
disease	MP:0003279	aneurysm	xref	Fyler:2399		MP	added
disease	MP:0003307	pyloric stenosis	xref	Fyler:4444		MP	added
disease	MP:0003321	tracheoesophageal fistula	xref	Fyler:4202		MP	added
disease	MP:0003342	accessory spleen	xref	Fyler:4772		MP	added
disease	MP:0003388	absent pericardium	xref	Fyler:1910		MP	added
disease	MP:0003587	ureter obstruction	xref	Fyler:4492		MP	added
disease	MP:0003604	single kidney	xref	Fyler:4509		MP	added
disease	MP:0003605	fused kidneys	xref	Fyler:4507		MP	added
disease	MP:0003632	abnormal nervous system morphology	xref	Fyler:4135		MP	added
disease	MP:0003632	abnormal nervous system morphology	xref	Fyler:4300		MP	added
disease	MP:0003632	abnormal nervous system morphology	xref	GO:0007417		MP	added
disease	MP:0003632	abnormal nervous system morphology	xref	MGI:2173613		MP	added
disease	MP:0003632	abnormal nervous system morphology	xref	MGI:2173617		MP	added
disease	MP:0003633	abnormal nervous system physiology	xref	MGI:2173615		MP	added
disease	MP:0003633	abnormal nervous system physiology	xref	MGI:2173618		MP	added
disease	MP:0003702	abnormal chromosome morphology	xref	Fyler:4013		MP	added
disease	MP:0003710	abnormal physiological neovascularization	xref	GO:0060055		MP	added
disease	MP:0003729	abnormal photoreceptor outer segment morphology	xref	GO:0001750		MP	added
disease	MP:0003730	abnormal photoreceptor inner segment morphology	xref	GO:0001917		MP	added
disease	MP:0003920	abnormal heart right ventricle morphology	xref	Fyler:1820		MP	added
disease	MP:0003921	abnormal heart left ventricle morphology	xref	Fyler:1810		MP	added
disease	MP:0003922	abnormal heart right atrium morphology	xref	Fyler:1770		MP	added
disease	MP:0003923	abnormal heart left atrium morphology	xref	Fyler:3010		MP	added
disease	MP:0004038	lymphangiectasis	xref	Fyler:4042		MP	added
disease	MP:0004062	dilated heart right atrium	xref	Fyler:2859		MP	added
disease	MP:0004063	dilated heart left atrium	xref	Fyler:3020		MP	added
disease	MP:0004098	abnormal cerebellar granule cell morphology	xref	CL:0001031		MP	added
disease	MP:0004111	abnormal coronary artery morphology	xref	Fyler:3100		MP	added
disease	MP:0004113	abnormal aortic arch morphology	xref	Fyler:2700		MP	added
disease	MP:0004113	abnormal aortic arch morphology	xref	MA:0000475		MP	added
disease	MP:0004122	abnormal sinus arrhythmia	xref	Fyler:7011		MP	added
disease	MP:0004133	heterotaxia	xref	Fyler:0190		MP	added
disease	MP:0004133	heterotaxia	xref	Fyler:190		MP	added
disease	MP:0004133	heterotaxia	xref	MPATH:712		MP	added
disease	MP:0004157	interrupted aortic arch	xref	Fyler:1250		MP	added
disease	MP:0004158	right aortic arch	xref	Fyler:2720		MP	added
disease	MP:0004159	double aortic arch	xref	Fyler:2761		MP	added
disease	MP:0004195	abnormal kidney calyx morphology	xref	MA:0000369		MP	added
disease	MP:0004225	patent cardiac foramen ovale	xref	Fyler:2020		MP	added
disease	MP:0004230	abnormal embryonic erythrocyte morphology	xref	CL:0002355		MP	added
disease	MP:0004231	abnormal calcium ion homeostasis	xref	GO:0006874		MP	added
disease	MP:0004249	abnormal crista ampullaris morphology	xref	MA:0002771		MP	added
disease	MP:0004391	abnormal respiratory conducting tube morphology	xref	Fyler:4232		MP	added
disease	MP:0004409	abnormal crista ampullaris neuroepithelium morphology	xref	MA:0002870		MP	added
disease	MP:0004755	abnormal loop of Henle morphology	xref	MA:0001675		MP	added
disease	MP:0004778	increased macrophage derived foam cell number	xref	CL:0000517		MP	added
disease	MP:0004941	abnormal regulatory T cell morphology	xref	CL:0000815		MP	added
disease	MP:0004942	abnormal B cell selection	xref	GO:0002339		MP	added
disease	MP:0004943	abnormal B cell positive selection	xref	GO:0002346		MP	added
disease	MP:0004944	abnormal B cell negative selection	xref	GO:0002352		MP	added
disease	MP:0005058	abnormal lysosome morphology	xref	GO:0005764		MP	added
disease	MP:0005059	lysosomal protein accumulation	xref	GO:0007041		MP	added
disease	MP:0005068	abnormal NK cell morphology	xref	CL:0000623		MP	added
disease	MP:0005068	abnormal NK cell morphology	xref	FMA:63147		MP	added
disease	MP:0005068	abnormal NK cell morphology	xref	FMA:83601		MP	added
disease	MP:0005075	abnormal melanosome morphology	xref	GO:0042470		MP	added
disease	MP:0005076	abnormal cell differentiation	xref	GO:0030154		MP	added
disease	MP:0005112	abnormal spinal cord ventral horn morphology	xref	MA:0001134		MP	added
disease	MP:0005157	holoprosencephaly	xref	Fyler:4338		MP	added
disease	MP:0005168	abnormal female meiosis	xref	GO:0007143		MP	added
disease	MP:0005169	abnormal male meiosis	xref	GO:0007140		MP	added
disease	MP:0005170	cleft upper lip	xref	Fyler:4875		MP	added
disease	MP:0005237	abnormal olfactory tract morphology	xref	MA:0000975		MP	added
disease	MP:0005247	abnormal extraocular muscle morphology	xref	http://teachmeanatomy.info/head/organs/eye/extraocular-muscles/		MP	added
disease	MP:0005247	abnormal extraocular muscle morphology	xref	https://en.wikipedia.org/wiki/Extraocular_muscles		MP	added
disease	MP:0005262	coloboma	xref	Fyler:4311		MP	added
disease	MP:0005267	abnormal olfactory cortex morphology	xref	MA:0000193		MP	added
disease	MP:0005312	pericardial effusion	xref	Fyler:1940		MP	added
disease	MP:0005330	cardiomyopathy	xref	Fyler:1840		MP	added
disease	MP:0006044	tricuspid valve regurgitation	xref	Fyler:1161		MP	added
disease	MP:0006045	mitral valve regurgitation	xref	Fyler:1151		MP	added
disease	MP:0006063	abnormal inferior vena cava morphology	xref	Fyler:2810		MP	added
disease	MP:0006064	abnormal superior vena cava morphology	xref	Fyler:2820		MP	added
disease	MP:0006083	abnormal blood vessel elastic tissue morphology	xref	MA:0002856		MP	added
disease	MP:0006117	aortic valve stenosis	xref	Fyler:1411		MP	added
disease	MP:0006118	aortic valve prolapse	xref	Fyler:1452		MP	added
disease	MP:0006119	mitral valve atresia	xref	Fyler:0310		MP	added
disease	MP:0006119	mitral valve atresia	xref	Fyler:310		MP	added
disease	MP:0006120	mitral valve prolapse	xref	Fyler:1533		MP	added
disease	MP:0006122	mitral valve stenosis	xref	Fyler:1511		MP	added
disease	MP:0006123	tricuspid valve atresia	xref	Fyler:0400		MP	added
disease	MP:0006123	tricuspid valve atresia	xref	Fyler:400		MP	added
disease	MP:0006125	tricuspid valve prolapse	xref	Fyler:1733		MP	added
disease	MP:0006128	pulmonary valve stenosis	xref	Fyler:1611		MP	added
disease	MP:0006130	pulmonary valve atresia	xref	Fyler:1001		MP	added
disease	MP:0006142	abnormal sinoatrial node conduction	xref	Fyler:7010		MP	added
disease	MP:0006278	aortic aneurysm	xref	Fyler:2301		MP	added
disease	MP:0006282	abnormal spinal cord dorsal horn morphology	xref	MA:0001119		MP	added
disease	MP:0008027	abnormal spinal cord white matter morphology	xref	MA:0000910		MP	added
disease	MP:0008043	abnormal NK cell number	xref	CL:0000623		MP	added
disease	MP:0008043	abnormal NK cell number	xref	FMA:63147		MP	added
disease	MP:0008043	abnormal NK cell number	xref	FMA:83601		MP	added
disease	MP:0008044	increased NK cell number	xref	CL:0000623		MP	added
disease	MP:0008044	increased NK cell number	xref	FMA:63147		MP	added
disease	MP:0008044	increased NK cell number	xref	FMA:83601		MP	added
disease	MP:0008045	decreased NK cell number	xref	CL:0000623		MP	added
disease	MP:0008045	decreased NK cell number	xref	FMA:63147		MP	added
disease	MP:0008045	decreased NK cell number	xref	FMA:83601		MP	added
disease	MP:0008046	absent NK cells	xref	CL:0000623		MP	added
disease	MP:0008046	absent NK cells	xref	FMA:63147		MP	added
disease	MP:0008046	absent NK cells	xref	FMA:83601		MP	added
disease	MP:0008047	absent uterine NK cells	xref	CL:0002343		MP	added
disease	MP:0008048	abnormal memory T cell number	xref	CL:0000813		MP	added
disease	MP:0008049	increased memory T cell number	xref	CL:0000813		MP	added
disease	MP:0008050	decreased memory T cell number	xref	CL:0000813		MP	added
disease	MP:0008057	abnormal DNA replication	xref	GO:0006260		MP	added
disease	MP:0008058	abnormal DNA repair	xref	GO:0006281		MP	added
disease	MP:0008243	abnormal macrophage derived foam cell morphology	xref	CL:0000517		MP	added
disease	MP:0008296	abnormal adrenal gland x-zone morphology	xref	MA:0001887		MP	added
disease	MP:0008391	abnormal primordial germ cell morphology	xref	CL:0000670		MP	added
disease	MP:0008397	abnormal CD4-positive, CD25-positive, alpha-beta regulatory T cell morphology	xref	CL:0000792		MP	added
disease	MP:0008398	abnormal CD8-positive, alpha-beta regulatory T cell morphology	xref	CL:0000795		MP	added
disease	MP:0008399	abnormal alpha-beta intraepithelial T cell morphology	xref	CL:0000797		MP	added
disease	MP:0008400	abnormal CD4-positive, alpha-beta intraepithelial T cell morphology	xref	CL:0000793		MP	added
disease	MP:0008401	abnormal CD8-positive, alpha-beta intraepithelial T cell morphology	xref	CL:0000796		MP	added
disease	MP:0008503	abnormal spinal cord grey matter morphology	xref	MA:0000002		MP	added
disease	MP:0008528	polycystic kidney	xref	Fyler:4508		MP	added
disease	MP:0008726	increased heart left atrium size	xref	Fyler:3011		MP	added
disease	MP:0008727	increased heart right atrium size	xref	Fyler:1771		MP	added
disease	MP:0008876	decreased uterine NK cell number	xref	CL:0002343		MP	added
disease	MP:0008924	decreased cerebellar granule cell number	xref	CL:0001031		MP	added
disease	MP:0008925	increased cerebellar granule cell number	xref	CL:0001031		MP	added
disease	MP:0008950	ventricular tachycardia	xref	Fyler:7160		MP	added
disease	MP:0008970	choanal atresia	xref	Fyler:4203		MP	added
disease	MP:0009099	abnormal uterine NK cell physiology	xref	CL:0002343		MP	added
disease	MP:0009203	external male genitalia hypoplasia	xref	UMLS:C0341787	Bifid scrotum	MP	added
disease	MP:0009380	abnormal prostate gland ventral lobe morphology	xref	MA:0001740		MP	added
disease	MP:0009381	abnormal prostate gland dorsolateral lobe morphology	xref	MA:0001739		MP	added
disease	MP:0009394	increased uterine NK cell number	xref	CL:0002343		MP	added
disease	MP:0009450	abnormal axon fasciculation	xref	GO:0007413		MP	added
disease	MP:0009451	abnormal chromosomal synapsis	xref	GO:0007129		MP	added
disease	MP:0009489	abnormal blood vessel endothelium morphology	xref	MA:0000709		MP	added
disease	MP:0009640	abnormal renal tubule epithelium morphology	xref	MA:0001681		MP	added
disease	MP:0009676	abnormal hemostasis	xref	GO:0007599		MP	added
disease	MP:0009677	abnormal spinal cord dorsal column morphology	xref	MA:0002749		MP	added
disease	MP:0009678	abnormal spinal cord lateral column morphology	xref	MA:0002750		MP	added
disease	MP:0009679	abnormal spinal cord ventral column morphology	xref	MA:0002751		MP	added
disease	MP:0009684	abnormal spinal cord lateral motor column morphology	xref	MA:0001129		MP	added
disease	MP:0009723	increased nipple number	xref	Fyler:4234		MP	added
disease	MP:0009734	abnormal prostate gland duct morphology	xref	MA:0002785		MP	added
disease	MP:0009861	abnormal pyloric sphincter morphology	xref	MA:0002952		MP	added
disease	MP:0009862	abnormal aorta elastic tissue morphology	xref	MA:0002859		MP	added
disease	MP:0009863	abnormal heart elastic tissue morphology	xref	MA:0002858		MP	added
disease	MP:0009864	abnormal aorta endothelium morphology	xref	MA:0000701		MP	added
disease	MP:0009865	abnormal aorta smooth muscle morphology	xref	MA:0000702		MP	added
disease	MP:0009866	abnormal aorta wall morphology	xref	MA:0002901		MP	added
disease	MP:0009867	abnormal ascending aorta morphology	xref	Fyler:1431		MP	added
disease	MP:0009867	abnormal ascending aorta morphology	xref	MA:0002570		MP	added
disease	MP:0009868	abnormal descending thoracic aorta morphology	xref	MA:0002572		MP	added
disease	MP:0009869	abnormal descending aorta morphology	xref	MA:0002571		MP	added
disease	MP:0009870	abnormal abdominal aorta morphology	xref	MA:0000474		MP	added
disease	MP:0009871	abnormal aorta tunica adventitia morphology	xref	MA:0002902		MP	added
disease	MP:0009872	abnormal aorta tunica intima morphology	xref	MA:0002904		MP	added
disease	MP:0009873	abnormal aorta tunica media morphology	xref	MA:0002903		MP	added
disease	MP:0009875	absent interdigital cell death	xref	MGI:llw2		MP	added
disease	MP:0009919	abnormal transitional stage T1 B cell morphology	xref	CL:0000958		MP	added
disease	MP:0009920	abnormal transitional stage T2 B cell morphology	xref	CL:0000959		MP	added
disease	MP:0009921	abnormal transitional stage T3 B cell morphology	xref	CL:0000960		MP	added
disease	MP:0009922	increased transitional stage T1 B cell number	xref	CL:0000958		MP	added
disease	MP:0009923	decreased transitional stage T1 B cell number	xref	CL:0000958		MP	added
disease	MP:0009924	absent transitional stage T1 B cells	xref	CL:0000958		MP	added
disease	MP:0009925	increased transitional stage T2 B cell number	xref	CL:0000959		MP	added
disease	MP:0009926	decreased transitional stage T2 B cell number	xref	CL:0000959		MP	added
disease	MP:0009927	absent transitional stage T2 B cells	xref	CL:0000959		MP	added
disease	MP:0009929	meningomyelocele	xref	Fyler:4309		MP	added
disease	MP:0009938	abnormal hippocampus granule cell morphology	xref	CL:0001033		MP	added
disease	MP:0009942	abnormal olfactory bulb granule cell morphology	xref	CL:0000626		MP	added
disease	MP:0009942	abnormal olfactory bulb granule cell morphology	xref	NLX:nifext_123		MP	added
disease	MP:0009943	abnormal olfactory bulb periglomerular cell morphology	xref	NLX:nlx_cell_091202		MP	added
disease	MP:0009944	abnormal olfactory lobe morphology	xref	MA:0002413		MP	added
disease	MP:0009945	abnormal accessory olfactory bulb morphology	xref	MA:0000966		MP	added
disease	MP:0009947	abnormal olfactory bulb external plexiform layer morphology	xref	MA:0000969		MP	added
disease	MP:0009947	abnormal olfactory bulb external plexiform layer morphology	xref	NLX:nlx_96		MP	added
disease	MP:0009948	abnormal olfactory bulb glomerular layer morphology	xref	MA:0000970		MP	added
disease	MP:0009949	abnormal olfactory bulb granule cell layer morphology	xref	MA:0000971		MP	added
disease	MP:0009950	abnormal olfactory bulb internal plexiform layer morphology	xref	MA:0000972		MP	added
disease	MP:0009951	abnormal olfactory bulb mitral cell layer morphology	xref	MA:0000973		MP	added
disease	MP:0009952	abnormal olfactory bulb subventricular zone morphology	xref	MA:0000974		MP	added
disease	MP:0009953	abnormal olfactory tubercle morphology	xref	MA:0000976		MP	added
disease	MP:0009955	abnormal olfactory bulb tufted cell morphology	xref	NLX:nifext_121		MP	added
disease	MP:0009956	abnormal cerebellar layer morphology	xref	MA:0000201		MP	added
disease	MP:0009959	abnormal cerebellar hemisphere morphology	xref	MA:0000200		MP	added
disease	MP:0009960	abnormal cerebellum anterior lobe morphology	xref	MA:0000991		MP	added
disease	MP:0009976	abnormal cerebellar peduncle morphology	xref	MA:0002742		MP	added
disease	MP:0009978	abnormal cerebellum white matter morphology	xref	MA:0002430		MP	added
disease	MP:0009979	abnormal cerebellum deep nucleus morphology	xref	MA:0000203		MP	added
disease	MP:0009980	abnormal cerebellum dentate nucleus morphology	xref	MA:0001008		MP	added
disease	MP:0009983	abnormal cerebellum fastigial nucleus morphology	xref	MA:0001009		MP	added
disease	MP:0010009	abnormal piriform cortex morphology	xref	MA:0000978		MP	added
disease	MP:0010010	abnormal islands of Calleja morphology	xref	MA:0000977		MP	added
disease	MP:0010030	abnormal orbit morphology	xref	MA:0002482		MP	added
disease	MP:0010040	abnormal oval cell morphology	xref	CL:1000036		MP	added
disease	MP:0010041	absent oval cells	xref	CL:1000036		MP	added
disease	MP:0010042	abnormal oval cell physiology	xref	CL:1000036		MP	added
disease	MP:0010105	abnormal sublingual ganglion morphology	xref	MA:0002982		MP	added
disease	MP:0010107	abnormal renal reabsorption	xref	GO:0070293		MP	added
disease	MP:0010129	increased DN1 thymic pro-T cell number	xref	CL:0000894		MP	added
disease	MP:0010130	decreased DN1 thymic pro-T cell number	xref	CL:0000894		MP	added
disease	MP:0010131	increased DN2 thymocyte number	xref	CL:0000806		MP	added
disease	MP:0010132	decreased DN2 thymocyte number	xref	CL:0000806		MP	added
disease	MP:0010133	increased DN3 thymocyte number	xref	CL:0000807		MP	added
disease	MP:0010134	decreased DN3 thymocyte number	xref	CL:0000807		MP	added
disease	MP:0010135	increased DN4 thymocyte number	xref	CL:0000808		MP	added
disease	MP:0010136	decreased DN4 thymocyte number	xref	CL:0000808		MP	added
disease	MP:0010146	umbilical hernia	xref	Fyler:4445		MP	added
disease	MP:0010153	abnormal gastroesophageal sphincter morphology	xref	MA:0002951		MP	added
disease	MP:0010154	abnormal gastroesophageal sphincter physiology	xref	MA:0002951		MP	added
disease	MP:0010168	increased CD4-positive, CD25-positive, alpha-beta regulatory T cell number	xref	CL:0000792		MP	added
disease	MP:0010169	decreased CD4-positive, CD25-positive, alpha-beta regulatory T cell number	xref	CL:0000792		MP	added
disease	MP:0010183	abnormal CD4-positive helper T cell morphology	xref	FMA:70572		MP	added
disease	MP:0010184	abnormal T follicular helper cell morphology	xref	CL:0002038		MP	added
disease	MP:0010185	abnormal T follicular helper cell number	xref	CL:0002038		MP	added
disease	MP:0010186	increased T follicular helper cell number	xref	CL:0002038		MP	added
disease	MP:0010187	decreased T follicular helper cell number	xref	CL:0002038		MP	added
disease	MP:0010188	abnormal T follicular helper cell differentiation	xref	CL:0002038		MP	added
disease	MP:0010189	abnormal T follicular helper cell physiology	xref	CL:0002038		MP	added
disease	MP:0010195	abnormal lymphatic vessel endothelium morphology	xref	MA:0000750		MP	added
disease	MP:0010196	abnormal lymphatic vessel smooth muscle morphology	xref	MA:0000751		MP	added
disease	MP:0010228	decreased transitional stage T3 B cell number	xref	CL:0000960		MP	added
disease	MP:0010229	increased transitional stage T3 B cell number	xref	CL:0000960		MP	added
disease	MP:0010230	absent transitional stage T3 B cells	xref	CL:0000960		MP	added
disease	MP:0010402	ventricular septal defect	xref	Fyler:1300		MP	added
disease	MP:0010403	atrial septal defect	xref	Fyler:2050		MP	added
disease	MP:0010404	ostium primum atrial septal defect	xref	Fyler:1110		MP	added
disease	MP:0010405	ostium secundum atrial septal defect	xref	Fyler:2000		MP	added
disease	MP:0010406	common atrium	xref	Fyler:1140		MP	added
disease	MP:0010408	sinus venosus atrial septal defect	xref	Fyler:2010		MP	added
disease	MP:0010409	cor triatriatum	xref	Fyler:3031		MP	added
disease	MP:0010411	cor triatriatum dextrum	xref	Fyler:2854		MP	added
disease	MP:0010412	atrioventricular septal defect	xref	Fyler:1100		MP	added
disease	MP:0010413	complete atrioventricular septal defect	xref	Fyler:1120		MP	added
disease	MP:0010415	intermediate atrioventricular septal defect	xref	Fyler:1121		MP	added
disease	MP:0010416	interventricular septum membranous part aneurysm	xref	Fyler:2346		MP	added
disease	MP:0010417	subarterial ventricular septal defect	xref	Fyler:1330		MP	added
disease	MP:0010418	perimembraneous ventricular septal defect	xref	Fyler:1310		MP	added
disease	MP:0010419	inlet ventricular septal defect	xref	Fyler:1340		MP	added
disease	MP:0010420	muscular ventricular septal defect	xref	Fyler:1320		MP	added
disease	MP:0010422	heart right ventricle hypoplasia	xref	Fyler:1821		MP	added
disease	MP:0010423	heart right ventricle aneurysm	xref	Fyler:2333		MP	added
disease	MP:0010427	double outlet left ventricle	xref	Fyler:0650		MP	added
disease	MP:0010427	double outlet left ventricle	xref	Fyler:650		MP	added
disease	MP:0010430	total anomalous pulmonary venous connection, supracardiac	xref	Fyler:0910		MP	added
disease	MP:0010430	total anomalous pulmonary venous connection, supracardiac	xref	Fyler:910		MP	added
disease	MP:0010431	atrial situs inversus	xref	Fyler:0150		MP	added
disease	MP:0010431	atrial situs inversus	xref	Fyler:150		MP	added
disease	MP:0010432	common ventricle	xref	Fyler:0200		MP	added
disease	MP:0010432	common ventricle	xref	Fyler:200		MP	added
disease	MP:0010436	abnormal coronary sinus morphology	xref	Fyler:2840		MP	added
disease	MP:0010437	absent coronary sinus	xref	Fyler:2841		MP	added
disease	MP:0010438	pulmonary vein stenosis	xref	Fyler:3002		MP	added
disease	MP:0010441	total anomalous pulmonary venous connection	xref	Fyler:0900		MP	added
disease	MP:0010441	total anomalous pulmonary venous connection	xref	Fyler:900		MP	added
disease	MP:0010442	partial anomalous pulmonary venous connection	xref	Fyler:2030		MP	added
disease	MP:0010443	total anomalous pulmonary venous connection, intracardiac	xref	Fyler:0920		MP	added
disease	MP:0010443	total anomalous pulmonary venous connection, intracardiac	xref	Fyler:0930		MP	added
disease	MP:0010443	total anomalous pulmonary venous connection, intracardiac	xref	Fyler:920		MP	added
disease	MP:0010443	total anomalous pulmonary venous connection, intracardiac	xref	Fyler:930		MP	added
disease	MP:0010445	total anomalous pulmonary venous connection, mixed	xref	Fyler:0950		MP	added
disease	MP:0010445	total anomalous pulmonary venous connection, mixed	xref	Fyler:950		MP	added
disease	MP:0010446	heart left ventricle hypoplasia	xref	Fyler:1811		MP	added
disease	MP:0010447	heart left ventricle aneurysm	xref	Fyler:2340		MP	added
disease	MP:0010448	heart left ventricle outflow tract stenosis	xref	Fyler:1470		MP	added
disease	MP:0010449	heart right ventricle outflow tract stenosis	xref	Fyler:1639		MP	added
disease	MP:0010455	aortopulmonary window	xref	Fyler:0560		MP	added
disease	MP:0010455	aortopulmonary window	xref	Fyler:560		MP	added
disease	MP:0010456	hemitruncus	xref	Fyler:0550		MP	added
disease	MP:0010456	hemitruncus	xref	Fyler:550		MP	added
disease	MP:0010457	pulmonary artery stenosis	xref	Fyler:1622		MP	added
disease	MP:0010460	pulmonary artery hypoplasia	xref	Fyler:2966		MP	added
disease	MP:0010464	abnormal aortic arch and aortic arch branch attachment	xref	Fyler:2705		MP	added
disease	MP:0010466	vascular ring	xref	Fyler:2760		MP	added
disease	MP:0010468	abnormal thoracic aorta morphology	xref	MA:0002569		MP	added
disease	MP:0010469	ascending aorta hypoplasia	xref	Fyler:2703		MP	added
disease	MP:0010470	dilated ascending aorta	xref	Fyler:2701		MP	added
disease	MP:0010471	supravalvar aortic stenosis	xref	Fyler:1430		MP	added
disease	MP:0010473	descending aorta dilation	xref	Fyler:2754		MP	added
disease	MP:0010474	descending aorta hypoplasia	xref	Fyler:2753		MP	added
disease	MP:0010475	anomalous pulmonary origin of left coronary artery	xref	Fyler:3101		MP	added
disease	MP:0010476	coronary fistula	xref	Fyler:2230		MP	added
disease	MP:0010477	coronary artery aneurysm	xref	Fyler:3129		MP	added
disease	MP:0010480	pulmonary arteriovenous malformation	xref	Fyler:2210		MP	added
disease	MP:0010481	heart left ventricle to aorta tunnel	xref	Fyler:1460		MP	added
disease	MP:0010483	aortic sinus aneurysm	xref	Fyler:2316		MP	added
disease	MP:0010485	aortic arch hypoplasia	xref	Fyler:2704		MP	added
disease	MP:0010520	sinoatrial block	xref	Fyler:7014		MP	added
disease	MP:0010527	bicuspid pulmonary valve	xref	Fyler:1601		MP	added
disease	MP:0010530	cerebral arteriovenous malformation	xref	Fyler:2201		MP	added
disease	MP:0010534	calcified myocardium	xref	Fyler:1889		MP	added
disease	MP:0010574	dilated aorta	xref	Fyler:2708		MP	added
disease	MP:0010575	aortic arch dilation	xref	Fyler:2706		MP	added
disease	MP:0010590	common truncal valve stenosis	xref	Fyler:1440		MP	added
disease	MP:0010593	thick aortic valve cusps	xref	Fyler:1486		MP	added
disease	MP:0010595	abnormal aortic valve cusp morphology	xref	Fyler:1480		MP	added
disease	MP:0010597	absent aortic valve cusps	xref	Fyler:1484		MP	added
disease	MP:0010602	abnormal pulmonary valve cusp morphology	xref	Fyler:1652		MP	added
disease	MP:0010607	common atrioventricular valve	xref	Fyler:1170		MP	added
disease	MP:0010635	aorta pulmonary collateral arteries	xref	Fyler:2770		MP	added
disease	MP:0010637	sinus bradycardia	xref	Fyler:7013		MP	added
disease	MP:0010647	heart left atrium hypoplasia	xref	Fyler:3040		MP	added
disease	MP:0010661	ascending aorta aneurysm	xref	Fyler:2310		MP	added
disease	MP:0010669	abnormal activation-induced B cell apoptosis	xref	GO:0071948		MP	added
disease	MP:0010670	abnormal activation-induced cell death of T cells	xref	GO:0006924		MP	added
disease	MP:0010674	increased activation-induced B cell apoptosis	xref	GO:0071948		MP	added
disease	MP:0010675	decreased activation-induced B cell apoptosis	xref	GO:0071948		MP	added
disease	MP:0010676	increased activation-induced cell death of T cells	xref	GO:0006924		MP	added
disease	MP:0010677	decreased activation-induced cell death of T cells	xref	GO:0006924		MP	added
disease	MP:0010766	abnormal NK cell physiology	xref	CL:0000623		MP	added
disease	MP:0010766	abnormal NK cell physiology	xref	FMA:63147		MP	added
disease	MP:0010766	abnormal NK cell physiology	xref	FMA:83601		MP	added
disease	MP:0010774	abnormal lymph node follicular mantle morphology	xref	MA:0002990		MP	added
disease	MP:0010775	abnormal scaphoid morphology	xref	MA:0002555		MP	added
disease	MP:0010776	abnormal placenta metrial gland morphology	xref	MA:0000386		MP	added
disease	MP:0010792	abnormal stomach mucosa morphology	xref	MA:0002683		MP	added
disease	MP:0010810	increased type II pneumocyte number	xref	CL:0002063		MP	added
disease	MP:0010810	increased type II pneumocyte number	xref	FMA:62501		MP	added
disease	MP:0010811	decreased type II pneumocyte number	xref	CL:0002063		MP	added
disease	MP:0010811	decreased type II pneumocyte number	xref	FMA:62501		MP	added
disease	MP:0010812	absent type II pneumocytes	xref	CL:0002063		MP	added
disease	MP:0010812	absent type II pneumocytes	xref	FMA:62501		MP	added
disease	MP:0010816	decreased type I pneumocyte number	xref	CL:0002062		MP	added
disease	MP:0010816	decreased type I pneumocyte number	xref	FMA:62500		MP	added
disease	MP:0010817	absent type I pneumocytes	xref	CL:0002062		MP	added
disease	MP:0010817	absent type I pneumocytes	xref	FMA:62500		MP	added
disease	MP:0010833	abnormal memory T cell morphology	xref	CL:0000813		MP	added
disease	MP:0010834	abnormal CD4-positive, alpha-beta memory T cell morphology	xref	CL:0000897		MP	added
disease	MP:0010835	increased CD4-positive, alpha-beta memory T cell number	xref	CL:0000897		MP	added
disease	MP:0010836	decreased CD4-positive, alpha-beta memory T cell number	xref	CL:0000897		MP	added
disease	MP:0010837	abnormal CD8-positive, alpha-beta memory T cell morphology	xref	CL:0000909		MP	added
disease	MP:0010838	increased CD8-positive, alpha-beta memory T cell number	xref	CL:0000909		MP	added
disease	MP:0010839	decreased CD8-positive, alpha-beta memory T cell number	xref	CL:0000909		MP	added
disease	MP:0010840	abnormal central memory CD4-positive, alpha-beta T cell morphology	xref	CL:0000904		MP	added
disease	MP:0010841	increased central memory CD4-positive, alpha-beta T cell number	xref	CL:0000904		MP	added
disease	MP:0010842	decreased central memory CD4-positive, alpha-beta T cell number	xref	CL:0000904		MP	added
disease	MP:0010843	abnormal effector memory CD4-positive, alpha-beta T cell morphology	xref	CL:0000905		MP	added
disease	MP:0010844	increased effector memory CD4-positive, alpha-beta T cell number	xref	CL:0000905		MP	added
disease	MP:0010845	decreased effector memory CD4-positive, alpha-beta T cell number	xref	CL:0000905		MP	added
disease	MP:0010846	abnormal central memory CD8-positive, alpha-beta T cell morphology	xref	CL:0000907		MP	added
disease	MP:0010847	increased central memory CD8-positive, alpha-beta T cell number	xref	CL:0000907		MP	added
disease	MP:0010848	decreased central memory CD8-positive, alpha-beta T cell number	xref	CL:0000907		MP	added
disease	MP:0010849	abnormal effector memory CD8-positive, alpha-beta T cell number	xref	CL:0000913		MP	added
disease	MP:0010850	increased effector memory CD8-positive, alpha-beta T cell number	xref	CL:0000913		MP	added
disease	MP:0010851	decreased effector memory CD8-positive, alpha-beta T cell number	xref	CL:0000913		MP	added
disease	MP:0010913	abnormal neuroendocrine cell morphology	xref	CL:0000165		MP	added
disease	MP:0010913	abnormal neuroendocrine cell morphology	xref	FMA:83810		MP	added
disease	MP:0010914	abnormal solitary pulmonary neuroendocrine cell morphology	xref	CL:0002066		MP	added
disease	MP:0010914	abnormal solitary pulmonary neuroendocrine cell morphology	xref	FMA:14118		MP	added
disease	MP:0010915	increased solitary pulmonary neuroendocrine cell number	xref	CL:0002066		MP	added
disease	MP:0010915	increased solitary pulmonary neuroendocrine cell number	xref	FMA:14118		MP	added
disease	MP:0010916	decreased solitary pulmonary neuroendocrine cell number	xref	CL:0002066		MP	added
disease	MP:0010916	decreased solitary pulmonary neuroendocrine cell number	xref	FMA:14118		MP	added
disease	MP:0010917	absent solitary pulmonary neuroendocrine cells	xref	CL:0002066		MP	added
disease	MP:0010917	absent solitary pulmonary neuroendocrine cells	xref	FMA:14118		MP	added
disease	MP:0010947	abnormal single-strand DNA break repair	xref	GO:0000012		MP	added
disease	MP:0010954	abnormal cellular respiration	xref	GO:0045333		MP	added
disease	MP:0010955	abnormal respiratory electron transport chain	xref	GO:0022904		MP	added
disease	MP:0010957	abnormal aerobic respiration	xref	GO:0009060		MP	added
disease	MP:0010958	abnormal tricarboxylic acid cycle	xref	GO:0006099		MP	added
disease	MP:0010959	abnormal oxidative phosphorylation	xref	GO:0006119		MP	added
disease	MP:0010981	abnormal branching involved in ureteric bud morphogenesis	xref	GO:0001658		MP	added
disease	MP:0011004	abnormal epidermal stem cell morphology	xref	CL:1000428		MP	added
disease	MP:0011004	abnormal epidermal stem cell morphology	xref	FMA:70541		MP	added
disease	MP:0011159	abnormal epidermal-dermal junction morphology	xref	FMA:70963		MP	added
disease	MP:0011210	abnormal temporomandibular joint morphology	xref	FMA:54832		MP	added
disease	MP:0011210	abnormal temporomandibular joint morphology	xref	MA:0002899		MP	added
disease	MP:0011211	abnormal common peroneal nerve morphology	xref	FMA:19039		MP	added
disease	MP:0011211	abnormal common peroneal nerve morphology	xref	MA:0001169		MP	added
disease	MP:0011240	abnormal fetal derived definitive erythrocyte morphology	xref	CL:0002357		MP	added
disease	MP:0011241	abnormal fetal derived definitive erythrocyte cell number	xref	CL:0002357		MP	added
disease	MP:0011242	increased fetal derived definitive erythrocyte cell number	xref	CL:0002357		MP	added
disease	MP:0011243	decreased fetal derived definitive erythrocyte cell number	xref	CL:0002357		MP	added
disease	MP:0011244	absent fetal derived definitive erythrocytes	xref	CL:0002357		MP	added
disease	MP:0011245	abnormal fetal derived definitive erythrocyte physiology	xref	CL:0002357		MP	added
disease	MP:0011246	abnormal fetal liver hematopoietic progenitor cell morphology	xref	CL:0002353		MP	added
disease	MP:0011249	abdominal situs inversus	xref	Fyler:3816		MP	added
disease	MP:0011250	abdominal situs ambiguus	xref	Fyler:3817		MP	added
disease	MP:0011251	bronchial situs inversus	xref	Fyler:4237		MP	added
disease	MP:0011252	situs inversus totalis	xref	Fyler:0100		MP	added
disease	MP:0011252	situs inversus totalis	xref	Fyler:100		MP	added
disease	MP:0011253	situs inversus with levocardia	xref	Fyler:0102		MP	added
disease	MP:0011253	situs inversus with levocardia	xref	Fyler:102		MP	added
disease	MP:0011253	situs inversus with levocardia	xref	MPATH:714		MP	added
disease	MP:0011254	superior-inferior ventricles	xref	Fyler:0184		MP	added
disease	MP:0011254	superior-inferior ventricles	xref	Fyler:184		MP	added
disease	MP:0011339	abnormal glomerular mesangium morphology	xref	MA:0002606		MP	added
disease	MP:0011341	abnormal loop of Henle descending limb morphology	xref	MA:0001679		MP	added
disease	MP:0011342	abnormal loop of Henle ascending limb morphology	xref	MA:0001676		MP	added
disease	MP:0011343	abnormal loop of Henle ascending limb thin segment morphology	xref	MA:0001678		MP	added
disease	MP:0011344	abnormal loop of Henle ascending limb thick segment morphology	xref	MA:0001677		MP	added
disease	MP:0011356	renal artery stenosis	xref	Fyler:2634		MP	added
disease	MP:0011416	abnormal testis interstitial tissue morphology	xref	MA:0002713		MP	added
disease	MP:0011510	biventricular, discordant atrioventricular connection	xref	Fyler:0159		MP	added
disease	MP:0011510	biventricular, discordant atrioventricular connection	xref	Fyler:159		MP	added
disease	MP:0011511	biventricular, ambiguous atrioventricular connection	xref	Fyler:0160		MP	added
disease	MP:0011511	biventricular, ambiguous atrioventricular connection	xref	Fyler:160		MP	added
disease	MP:0011513	abnormal vertebral artery morphology	xref	MA:0002077		MP	added
disease	MP:0011528	abnormal placental labyrinth villi branching morphogenesis	xref	GO:0060670		MP	added
disease	MP:0011571	enlarged inferior vena cava valve	xref	Fyler:2852		MP	added
disease	MP:0011572	abnormal aorta bulb morphology	xref	FMA:3740		MP	added
disease	MP:0011655	abnormal systemic artery morphology	xref	Fyler:2600		MP	added
disease	MP:0011656	coronary arterio-venous fistula	xref	Fyler:2240		MP	added
disease	MP:0011659	interrupted aortic arch, type b	xref	Fyler:1252		MP	added
disease	MP:0011660	ectopia cordis	xref	Fyler:0170		MP	added
disease	MP:0011660	ectopia cordis	xref	Fyler:170		MP	added
disease	MP:0011661	persistent truncus arteriosus type i	xref	Fyler:0510		MP	added
disease	MP:0011661	persistent truncus arteriosus type i	xref	Fyler:510		MP	added
disease	MP:0011662	persistent truncus arteriosus type ii	xref	Fyler:0520		MP	added
disease	MP:0011662	persistent truncus arteriosus type ii	xref	Fyler:520		MP	added
disease	MP:0011663	persistent truncus arteriosus type iii	xref	Fyler:0530		MP	added
disease	MP:0011663	persistent truncus arteriosus type iii	xref	Fyler:530		MP	added
disease	MP:0011664	persistent truncus arteriosus type iv	xref	Fyler:0540		MP	added
disease	MP:0011664	persistent truncus arteriosus type iv	xref	Fyler:540		MP	added
disease	MP:0011665	d-loop transposition of the great arteries	xref	Fyler:0700		MP	added
disease	MP:0011665	d-loop transposition of the great arteries	xref	Fyler:700		MP	added
disease	MP:0011666	double outlet right ventricle, ventricular defect committed to aorta	xref	Fyler:0602		MP	added
disease	MP:0011666	double outlet right ventricle, ventricular defect committed to aorta	xref	Fyler:602		MP	added
disease	MP:0011667	double outlet right ventricle with atrioventricular septal defect	xref	Fyler:0606		MP	added
disease	MP:0011667	double outlet right ventricle with atrioventricular septal defect	xref	Fyler:606		MP	added
disease	MP:0011668	double outlet right ventricle, Taussig bing type	xref	Fyler:0610		MP	added
disease	MP:0011668	double outlet right ventricle, Taussig bing type	xref	Fyler:610		MP	added
disease	MP:0011669	double outlet right ventricle, doubly committed ventricular septal defect	xref	Fyler:0604		MP	added
disease	MP:0011669	double outlet right ventricle, doubly committed ventricular septal defect	xref	Fyler:604		MP	added
disease	MP:0011670	double outlet right ventricle, noncommitted ventricular septal defect	xref	Fyler:0603		MP	added
disease	MP:0011670	double outlet right ventricle, noncommitted ventricular septal defect	xref	Fyler:603		MP	added
disease	MP:0011671	balanced complete atrioventricular canal	xref	Fyler:1124		MP	added
disease	MP:0011672	unbalanced complete atrioventricular canal, left dominant	xref	Fyler:1125		MP	added
disease	MP:0011673	unbalanced complete common atrioventricular canal	xref	Fyler:1132		MP	added
disease	MP:0011674	multiple major aortopulmonary collateral arteries	xref	Fyler:2271		MP	added
disease	MP:0011675	double aortic arch, balanced arches	xref	Fyler:2780		MP	added
disease	MP:0011676	aortic arch obstruction	xref	Fyler:1241		MP	added
disease	MP:0011680	tricuspid valve hypoplasia	xref	Fyler:1720		MP	added
disease	MP:0011684	coronary-cameral fistula to heart right ventricle	xref	Fyler:2233		MP	added
disease	MP:0011702	abnormal fibroblast proliferation	xref	CL:0000057		MP	added
disease	MP:0011702	abnormal fibroblast proliferation	xref	GO:0048144		MP	added
disease	MP:0011706	abnormal fibroblast migration	xref	CL:0000057		MP	added
disease	MP:0011706	abnormal fibroblast migration	xref	GO:0010761		MP	added
disease	MP:0011719	abnormal natural killer cell mediated cytotoxicity	xref	GO:0042267		MP	added
disease	MP:0011739	abnormal Boettcher cell morphology	xref	CL:0002084		MP	added
disease	MP:0011745	isolation of the left subclavian artery	xref	Fyler:2732		MP	added
disease	MP:0011908	abnormal pancreatic endocrine progenitor cell proliferation	xref	CL:0002351		MP	added
disease	MP:0011909	increased pancreatic endocrine progenitor cell proliferation	xref	CL:0002351		MP	added
disease	MP:0011910	decreased pancreatic endocrine progenitor cell proliferation	xref	CL:0002351		MP	added
disease	MP:0011911	abnormal pancreatic endocrine progenitor cell physiology	xref	CL:0002351		MP	added
disease	MP:0012013	abnormal innate avoidance response	xref	NBO:0000635		MP	added
disease	MP:0012051	spasticity	xref	HP:0001257	Spasticity	MP	added
disease	MP:0012051	spasticity	xref	UMLS:C0026838	Muscle Spasticity	MP	added
disease	MP:0012079	abnormal spinal reflex	xref	GO:0050883		MP	added
disease	MP:0014571	decreased circulating peptide YY level	xref	PMID:26125465		MP	added
disease	MP:0030023	abnormal meiotic telomere clustering	xref	GO:0045141		MP	added
disease	MP:0030023	abnormal meiotic telomere clustering	xref	PMID:1754386		MP	added
disease	MP:0030145	abnormal digastric anterior belly morphology	xref	https://en.wikipedia.org/wiki/Digastric_muscle		MP	added
disease	MP:0030146	abnormal digastric posterior belly morphology	xref	https://en.wikipedia.org/wiki/Digastric_muscle		MP	added
disease	MP:0030147	abnormal digastric muscle physiology	xref	https://en.wikipedia.org/wiki/Suprahyoid_muscles		MP	added
disease	MP:0030148	abnormal mylohyoid muscle morphology	xref	https://en.wikipedia.org/wiki/Mylohyoid_muscle		MP	added
disease	MP:0030149	abnormal stylohyoid muscle morphology	xref	https://en.wikipedia.org/wiki/Stylohyoid_muscle		MP	added
disease	MP:0030149	abnormal stylohyoid muscle morphology	xref	https://en.wikipedia.org/wiki/Suprahyoid_muscles		MP	added
disease	MP:0030151	abnormal buccinator muscle morphology	xref	https://en.wikipedia.org/wiki/Buccinator_muscle		MP	added
disease	MP:0030152	abnormal depressor anguli oris muscle morphology	xref	https://en.wikipedia.org/wiki/Depressor_anguli_oris_muscle		MP	added
disease	MP:0030154	abnormal tympanic cavity morphology	xref	http://www.dummies.com/education/science/anatomy/the-anatomy-of-the-middle-ear/		MP	added
disease	MP:0030154	abnormal tympanic cavity morphology	xref	https://radiopaedia.org/articles/middle-ear		MP	added
disease	MP:0030154	abnormal tympanic cavity morphology	xref	https://www.kenhub.com/en/start/c/ear		MP	added
disease	MP:0030156	abnormal tympanic cavity muscle morphology	xref	http://emedicine.medscape.com/article/874456-overview#a6		MP	added
disease	MP:0030156	abnormal tympanic cavity muscle morphology	xref	http://teachmeanatomy.info/head/organs/ear/middle-ear/		MP	added
disease	MP:0030157	abnormal stapedius muscle morphology	xref	http://www.dummies.com/education/science/anatomy/the-anatomy-of-the-middle-ear/		MP	added
disease	MP:0030159	abnormal tensor tympani muscle morphology	xref	http://www.dummies.com/education/science/anatomy/the-anatomy-of-the-middle-ear/		MP	added
disease	MP:0030178	abnormal scalp morphology	xref	HP:0001965	Abnormal scalp morphology	MP	added
disease	MP:0030178	abnormal scalp morphology	xref	http://emedicine.medscape.com/article/834808-overview		MP	added
